/* rolesテーブル */
INSERT IGNORE INTO roles (id, name) VALUES (1, 'ROLE_USER');
INSERT IGNORE INTO roles (id, name) VALUES (2, 'ROLE_PREMIUM');
INSERT IGNORE INTO roles (id, name) VALUES (3, 'ROLE_ADMIN');

/* usersテーブル */
INSERT IGNORE INTO users (id, name, furigana, nickname, email, postal_code, address, phone_number, birthday, password, enabled, role_id, stripe_customer_id) VALUES (1, '侍 太郎', 'サムライ タロウ', 'SAMU0830', 'taro.samurai@example.com', '101-0022', '東京都千代田区神田練塀町300番地', '090-1234-5678', '1992-03-18', '$2a$10$2JNjTwZBwo7fprL2X4sv.OEKqxnVtsVQvuXDkI8xVGix.U3W5B7CO', true, 2, NULL);
INSERT IGNORE INTO users (id, name, furigana, nickname, email, postal_code, address, phone_number, birthday, password, enabled, role_id, stripe_customer_id) VALUES (2, '武士 花子', 'ブシ ハナコ', 'HANABUSHI', 'hanako.bushi@example.com', '150-0001', '東京都渋谷区神宮前1-1-1', '080-1111-2222', '1988-07-25', '$2a$10$2JNjTwZBwo7fprL2X4sv.OEKqxnVtsVQvuXDkI8xVGix.U3W5B7CO', true, 2, NULL);
INSERT IGNORE INTO users (id, name, furigana, nickname, email, postal_code, address, phone_number, birthday, password, enabled, role_id, stripe_customer_id) VALUES (3, '忍者 一郎', 'ニンジャ イチロウ', 'ICHININJA', 'ichiro.ninja@example.com', '540-0001', '大阪府大阪市中央区城見1-2-3', '070-3333-4444', '1990-11-12', '$2a$10$2JNjTwZBwo7fprL2X4sv.OEKqxnVtsVQvuXDkI8xVGix.U3W5B7CO', true, 2, NULL);
INSERT IGNORE INTO users (id, name, furigana, nickname, email, postal_code, address, phone_number, birthday, password, enabled, role_id, stripe_customer_id) VALUES (4, '山田 花子', 'ヤマダ ハナコ', 'HANAYAMA', 'hanako.yamada@example.com', '064-0801', '北海道札幌市中央区南1条西1丁目', '090-5555-6666', '1993-04-03', '$2a$10$2JNjTwZBwo7fprL2X4sv.OEKqxnVtsVQvuXDkI8xVGix.U3W5B7CO', true, 2, NULL);
INSERT IGNORE INTO users (id, name, furigana, nickname, email, postal_code, address, phone_number, birthday, password, enabled, role_id, stripe_customer_id) VALUES (5, '田中 次郎', 'タナカ ジロウ', 'JIROCHAN', 'jiro.tanaka@example.com', '730-0011', '広島県広島市中区基町1-2', '080-7777-8888', '1996-06-21', '$2a$10$2JNjTwZBwo7fprL2X4sv.OEKqxnVtsVQvuXDkI8xVGix.U3W5B7CO', true, 2, NULL);
INSERT IGNORE INTO users (id, name, furigana, nickname, email, postal_code, address, phone_number, birthday, password, enabled, role_id, stripe_customer_id) VALUES (6, '佐藤 美咲', 'サトウ ミサキ', 'MISAPYON', 'misaki.sato@example.com', '460-0008', '愛知県名古屋市中区栄3-4-5', '070-9999-0000', '1991-12-17', '$2a$10$2JNjTwZBwo7fprL2X4sv.OEKqxnVtsVQvuXDkI8xVGix.U3W5B7CO', true, 2, NULL);
INSERT IGNORE INTO users (id, name, furigana, nickname, email, postal_code, address, phone_number, birthday, password, enabled, role_id, stripe_customer_id) VALUES (7, '高橋 亮', 'タカハシ リョウ', 'RYOZO', 'ryo.takahashi@example.com', '810-0001', '福岡県福岡市中央区天神1-1-1', '090-1212-3434', '1998-01-08', '$2a$10$2JNjTwZBwo7fprL2X4sv.OEKqxnVtsVQvuXDkI8xVGix.U3W5B7CO', true, 2, NULL);
INSERT IGNORE INTO users (id, name, furigana, nickname, email, postal_code, address, phone_number, birthday, password, enabled, role_id, stripe_customer_id) VALUES (8, '小林 愛', 'コバヤシ アイ', 'AIKOBU', 'ai.kobayashi@example.com', '980-0014', '宮城県仙台市青葉区本町3-3-3', '080-5656-7878', '1997-10-15', '$2a$10$2JNjTwZBwo7fprL2X4sv.OEKqxnVtsVQvuXDkI8xVGix.U3W5B7CO', true, 2, NULL);
INSERT IGNORE INTO users (id, name, furigana, nickname, email, postal_code, address, phone_number, birthday, password, enabled, role_id, stripe_customer_id) VALUES (9, '加藤 大地', 'カトウ ダイチ', 'DAIKING', 'daichi.kato@example.com', '600-8216', '京都府京都市下京区東塩小路町', '070-3434-5656', '1989-02-04', '$2a$10$2JNjTwZBwo7fprL2X4sv.OEKqxnVtsVQvuXDkI8xVGix.U3W5B7CO', true, 2, NULL);
INSERT IGNORE INTO users (id, name, furigana, nickname, email, postal_code, address, phone_number, birthday, password, enabled, role_id, stripe_customer_id) VALUES (10, '中村 美優', 'ナカムラ ミユウ', 'MIYU2', 'miyu.nakamura@example.com', '920-0855', '石川県金沢市武蔵町1-1', '090-9898-2323', '1994-09-29', '$2a$10$2JNjTwZBwo7fprL2X4sv.OEKqxnVtsVQvuXDkI8xVGix.U3W5B7CO', true, 2, NULL);
INSERT IGNORE INTO users (id, name, furigana, nickname, email, postal_code, address, phone_number, birthday, password, enabled, role_id, stripe_customer_id) VALUES (11, '斎藤 翔', 'サイトウ ショウ', 'SHONOSUKE', 'sho.saito@example.com', '390-0815', '長野県松本市深志2-5-1', '080-1010-2020', '1992-05-01', '$2a$10$2JNjTwZBwo7fprL2X4sv.OEKqxnVtsVQvuXDkI8xVGix.U3W5B7CO', true, 2, NULL);
INSERT IGNORE INTO users (id, name, furigana, nickname, email, postal_code, address, phone_number, birthday, password, enabled, role_id, stripe_customer_id) VALUES (12, '渡辺 結衣', 'ワタナベ ユイ', 'YUIPON', 'yui.watanabe@example.com', '760-0029', '香川県高松市丸亀町3-3', '070-2323-4545', '1990-08-11', '$2a$10$2JNjTwZBwo7fprL2X4sv.OEKqxnVtsVQvuXDkI8xVGix.U3W5B7CO', true, 2, NULL);
INSERT IGNORE INTO users (id, name, furigana, nickname, email, postal_code, address, phone_number, birthday, password, enabled, role_id, stripe_customer_id) VALUES (13, '管理 人志', 'カンリ ヒトシ', '', 'admin@example.com', '760-0029', '香川県高松市丸亀町3-3', '070-2323-4545', '1987-04-06', '$2a$10$2JNjTwZBwo7fprL2X4sv.OEKqxnVtsVQvuXDkI8xVGix.U3W5B7CO', true, 3, NULL);

/* categories テーブル */
INSERT IGNORE INTO categories (id, name) VALUES
(1, '和食'), (2, '中華'), (3, 'イタリアン'), (4, '鉄板焼き'), (5, '定食'), (6, 'そば・うどん'), (7, 'アジア・エスニック'),
(8, '寿司'), (9, 'パスタ'), (10, '揚げ物'), (11, 'カレー'), (12, 'ベーカリー'), (13, 'スイーツ'), (14, 'お好み焼き'), (15, 'たこやき'),
(16, '天ぷら'), (17, 'ハンバーガー'), (18, 'おでん'), (19, '焼き肉'), (20, 'おにぎり'), (21, '焼き鳥'), (22, '海鮮料理'), (23, 'ラーメン') , (24, 'フレンチ'), (25, '居酒屋') , (26, '韓国料理');

/* shops テーブル */
INSERT IGNORE INTO shops (id, name, image_name, category_id, description, postal_code, address, opening_time, closing_time, regular_holiday, phone_number, capacity) VALUES
(1, 'キッチン・ハオチー',  'image22.jpg',  2,  '中華の魅力を存分に味わえるお店です。',  '460-0008',  '愛知県名古屋市中区栄1-101-1',  '10:00:00',  '22:00:00',  '月曜日',  '052-123-4101', 5),
(2, 'イタリアン食堂 Rosso',  'image06.jpg', 3,  'イタリアンの魅力を存分に味わえるお店です。',  '460-0008',  '愛知県名古屋市中区栄1-102-2',  '11:00:00',  '23:00:00',  '火曜日',  '052-123-4102', 4),
(3, 'やきとり一番',  'image05.jpg',  21,  '焼き鳥の魅力を存分に味わえるお店です。',  '460-0008',  '愛知県名古屋市中区栄1-103-3',  '09:00:00',  '21:30:00',  '水曜日',  '052-123-4103', 10),
(4, 'パンドレミ',  'image12.jpg',  12,  'ベーカリーの魅力を存分に味わえるお店です。',  '460-0008',  '愛知県名古屋市中区栄1-104-4',  '08:30:00',  '20:00:00',  '木曜日',  '052-123-4104', 10),
(5, '海鮮　ととみ',  'image21.jpg', 22,  '海鮮料理の魅力を存分に味わえるお店です。',  '460-0008',  '愛知県名古屋市中区栄1-12-9',  '09:00:00',  '20:30:00',  '火曜日',  '052-379-0237', 10),
(6, 'カレー工房 Spice',  'image14.jpg', 11,  'カレーの魅力を存分に味わえるお店です。',  '460-0008',  '愛知県名古屋市中区栄1-33-7',  '09:00:00',  '21:30:00',  '木曜日',  '052-103-6161', 6),
(7, '韓菜房',  'image11.jpg', 26,  '韓国料理の魅力を存分に味わえるお店です。',  '460-0008',  '愛知県名古屋市中区栄1-73-3',  '09:00:00',  '20:30:00',  '火曜日',  '052-214-9597', 10),
(8, '麺匠 さくら',  'image24.jpg',  23,  'ラーメンの魅力を存分に味わえるお店です。',  '460-0008',  '愛知県名古屋市中区栄1-22-8',  '11:00:00',  '21:30:00',  '水曜日',  '052-985-2897', 10),
(9, 'ごはん家 梅の花',  'image03.jpg', 1,  '和食の魅力を存分に味わえるお店です。',  '460-0008',  '愛知県名古屋市中区栄1-75-4',  '11:00:00',  '22:30:00',  '木曜日',  '052-726-4956', 10),
(10, 'フレンチ食堂 ノエル',  'image09.jpg',  24,  'フレンチの魅力を存分に味わえるお店です。',  '460-0008',  '愛知県名古屋市中区栄1-21-4',  '09:00:00',  '20:30:00',  '水曜日',  '052-135-2896', 10),
(11, 'DERA★BURGER',  'image13.jpg',  17,  'ハンバーガーの魅力を存分に味わえるお店です。',  '460-0008',  '愛知県名古屋市中区栄1-36-7',  '09:00:00',  '21:30:00',  '金曜日',  '052-166-6754', 6),
(12, '手打ちうどん 喜楽',  'image18.jpg', 6,  'そば・うどんの魅力を存分に味わえるお店です。',  '460-0008',  '愛知県名古屋市中区栄1-15-9',  '09:00:00',  '22:30:00',  '木曜日',  '052-459-4297', 10),
(13, '珈琲店トワ',  'image06.jpg',  13,  'カフェの魅力を存分に味わえるお店です。',  '460-0008',  '愛知県名古屋市中区栄1-79-8',  '09:00:00',  '23:30:00',  '木曜日',  '052-419-4548', 10),
(14, 'DERA★BURGER 名駅店',  'image13.jpg',  17,  'ハンバーガーの魅力を存分に味わえるお店です。',  '460-0008',  '愛知県名古屋市中区栄1-61-6',  '10:00:00',  '23:30:00',  '木曜日',  '052-190-8841', 10),
(15, 'すし政',  'image21.jpg',  8,  '寿司の魅力を存分に味わえるお店です。',  '460-0008',  '愛知県名古屋市中区栄1-99-6',  '09:00:00',  '21:30:00',  '火曜日',  '052-419-1175', 10),
(16, '博多らーめん風',  'image24.jpg',  23,  'ラーメンの魅力を存分に味わえるお店です。',  '460-0008',  '愛知県名古屋市中区栄1-60-3',  '10:00:00',  '23:30:00',  '火曜日',  '052-226-4748', 10),
(17, '呑み処 わらじ',  'image05.jpg',  25,  '居酒屋の魅力を存分に味わえるお店です。',  '460-0008',  '愛知県名古屋市中区栄1-105-5',  '17:00:00',  '23:30:00',  '日曜日',  '052-123-4105', 10),
(18, 'ビストロ・ピエール',  'image09.jpg',  24,  'フレンチの魅力を存分に味わえるお店です。',  '460-0008',  '愛知県名古屋市中区栄1-42-7',  '11:00:00',  '23:30:00',  '火曜日',  '052-418-5957', 10),
(19, '弁当スタンドY',  'image19.jpg',  20,  'おにぎりの魅力を存分に味わえるお店です。',  '460-0008',  '愛知県名古屋市中区栄1-80-9',  '09:00:00',  '22:30:00',  '月曜日',  '052-184-1248', 10),
(20, 'デ・ラ・パスタ',  'image06.jpg', 3,  'イタリアンの魅力を存分に味わえるお店です。',  '460-0008',  '愛知県名古屋市中区栄1-13-4',  '11:00:00',  '20:30:00',  '月曜日',  '052-915-3566', 10),
(21, 'イタリアン食堂 ポルコロッソ',  'image06.jpg', 3,  'イタリアンの魅力を存分に味わえるお店です。',  '460-0008',  '愛知県名古屋市中区栄1-81-4',  '09:00:00',  '20:30:00',  '月曜日',  '052-484-1005', 10),
(22, 'PASTA FRESCA',  'image06.jpg',  9,  'パスタの魅力を存分に味わえるお店です。',  '460-0008',  '愛知県名古屋市中区栄1-90-9',  '10:00:00',  '22:30:00',  '火曜日',  '052-627-1130', 10),
(23, 'すし大漁',  'image21.jpg',  8,  '寿司の魅力を存分に味わえるお店です。',  '460-0008',  '愛知県名古屋市中区栄1-22-5',  '10:00:00',  '22:30:00',  '月曜日',  '052-115-6287', 10),
(24, 'カフェ 和やか',  'image06.jpg',  13,  'カフェの魅力を存分に味わえるお店です。',  '460-0008',  '愛知県名古屋市中区栄1-18-2',  '11:00:00',  '21:30:00',  '金曜日',  '052-544-9324', 10),
(25, '鳥匠 とり山',  'image05.jpg',  21,  '焼き鳥の魅力を存分に味わえるお店です。',  '460-0008',  '愛知県名古屋市中区栄1-37-6',  '10:00:00',  '21:30:00',  '木曜日',  '052-607-5395', 10),
(26, '焼肉の匠',  'image01.jpg', 19,  '焼肉の魅力を存分に味わえるお店です。',  '460-0008',  '愛知県名古屋市中区栄1-91-9',  '10:00:00',  '20:30:00',  '火曜日',  '052-543-7001', 10),
(27, 'Sweets工房',  'image07.jpg',  13,  'スイーツの魅力を存分に味わえるお店です。',  '460-0008',  '愛知県名古屋市中区栄1-25-5',  '10:00:00',  '21:30:00',  '水曜日',  '052-441-5796', 10),
(28, 'カレーハウス ガラム',  'image14.jpg', 11,  'カレーの魅力を存分に味わえるお店です。',  '460-0008',  '愛知県名古屋市中区栄1-38-1',  '09:00:00',  '23:30:00',  '水曜日',  '052-173-9653', 10),
(29, '麺屋 一燈',  'image24.jpg',  23,  'ラーメンの魅力を存分に味わえるお店です。',  '460-0008',  '愛知県名古屋市中区栄1-87-5',  '09:00:00',  '23:30:00',  '金曜日',  '052-817-5395', 10),
(30, '漁火食堂',  'image21.jpg', 22,  '海鮮料理の魅力を存分に味わえるお店です。',  '460-0008',  '愛知県名古屋市中区栄1-15-3',  '11:00:00',  '20:30:00',  '水曜日',  '052-348-4601', 10),
(31, 'DELI&GO',  'image19.jpg',  20,  'おにぎりの魅力を存分に味わえるお店です。',  '460-0008',  '愛知県名古屋市中区栄1-45-6',  '09:00:00',  '22:30:00',  '火曜日',  '052-518-6414', 10),
(32, 'ドルチェマリア',  'image07.jpg',  13,  'スイーツの魅力を存分に味わえるお店です。',  '460-0008',  '愛知県名古屋市中区栄1-58-3',  '09:00:00',  '21:30:00',  '火曜日',  '052-791-7152', 10),
(33, '名そば屋',  'image18.jpg', 6,  'そば・うどんの魅力を存分に味わえるお店です。',  '460-0008',  '愛知県名古屋市中区栄1-58-4',  '10:00:00',  '21:30:00',  '月曜日',  '052-741-7985', 10),
(34, 'Pasta&Wine Fino',  'image06.jpg', 3,  'イタリアンの魅力を存分に味わえるお店です。',  '460-0008',  '愛知県名古屋市中区栄1-31-8',  '10:00:00',  '22:30:00',  '火曜日',  '052-474-0036', 10),
(35, '寿司 銀の華',  'image21.jpg',  8,  '寿司の魅力を存分に味わえるお店です。',  '460-0008',  '愛知県名古屋市中区栄1-48-5',  '09:00:00',  '22:30:00',  '水曜日',  '052-954-6409', 10),
(36, 'そば道場',  'image18.jpg', 6,  'そば・うどんの魅力を存分に味わえるお店です。',  '460-0008',  '愛知県名古屋市中区栄1-9-2',  '10:00:00',  '21:30:00',  '金曜日',  '052-545-3786', 10),
(37, 'Bakery PANDA',  'image12.jpg',  12,  'ベーカリーの魅力を存分に味わえるお店です。',  '460-0008',  '愛知県名古屋市中区栄1-61-6',  '11:00:00',  '22:30:00',  '木曜日',  '052-958-0255', 10),
(38, 'Cafe Stars',  'image06.jpg',  13,  'カフェの魅力を存分に味わえるお店です。',  '460-0008',  '愛知県名古屋市中区栄1-30-5',  '09:00:00',  '23:30:00',  '月曜日',  '052-972-2815', 10),
(39, 'Asian Table',  'image11.jpg', 7,  'アジア・エスニックの魅力を存分に味わえるお店です。',  '460-0008',  '愛知県名古屋市中区栄1-61-2',  '11:00:00',  '22:30:00',  '金曜日',  '052-626-6630', 10),
(40, 'キムチの里',  'image11.jpg', 26,  '韓国料理の魅力を存分に味わえるお店です。',  '460-0008',  '愛知県名古屋市中区栄1-45-7',  '10:00:00',  '23:30:00',  '水曜日',  '052-313-5534', 10),
(41, 'Every Burger',  'image13.jpg',  17,  'ハンバーガーの魅力を存分に味わえるお店です。',  '460-0008',  '愛知県名古屋市中区栄1-54-3',  '11:00:00',  '22:30:00',  '木曜日',  '052-100-6810', 10),
(42, '一番うみゃー家',  'image03.jpg', 1,  '和食の魅力を存分に味わえるお店です。',  '460-0008',  '愛知県名古屋市中区栄1-61-6',  '10:00:00',  '23:30:00',  '木曜日',  '052-458-5314', 10),
(43, '餃子の宝華',  'image22.jpg',  2,  '中華の魅力を存分に味わえるお店です。',  '460-0008',  '愛知県名古屋市中区栄1-90-2',  '10:00:00',  '22:30:00',  '月曜日',  '052-494-0441', 10),
(44, '和食処 さくら',  'image03.jpg', 1,  '和食の魅力を存分に味わえるお店です。',  '460-0008',  '愛知県名古屋市中区栄1-24-1',  '09:00:00',  '21:30:00',  '木曜日',  '052-222-1854', 10),
(45, '天ぷら鈴乃屋',  'image03.jpg',  16,  '天ぷらの魅力を存分に味わえるお店です。',  '460-0008',  '愛知県名古屋市中区栄1-79-4',  '11:00:00',  '23:30:00',  '木曜日',  '052-770-5062', 10),
(46, '天ぷら浅井',  'image03.jpg',  16,  '天ぷらの魅力を存分に味わえるお店です。',  '460-0008',  '愛知県名古屋市中区栄1-94-1',  '09:00:00',  '23:30:00',  '火曜日',  '052-395-0888', 10),
(47, 'Take Meal',  'image19.jpg',  20,  'おにぎりの魅力を存分に味わえるお店です。',  '460-0008',  '愛知県名古屋市中区栄1-77-4',  '09:00:00',  '23:30:00',  '火曜日',  '052-879-5419', 10),
(48, 'BREAD&SUN',  'image12.jpg',  12,  'ベーカリーの魅力を存分に味わえるお店です。',  '460-0008',  '愛知県名古屋市中区栄1-46-8',  '11:00:00',  '23:30:00',  '金曜日',  '052-848-1188', 10),
(49, 'Le Petit Chef',  'image09.jpg',  24,  'フレンチの魅力を存分に味わえるお店です。',  '460-0008',  '愛知県名古屋市中区栄1-39-4',  '11:00:00',  '22:30:00',  '金曜日',  '052-913-0188', 10),
(50, 'Le Katsumasa',  'image09.jpg',  24,  'フレンチの魅力を存分に味わえるお店です。',  '460-0008',  '愛知県名古屋市中区栄1-15-5',  '09:00:00',  '22:30:00',  '水曜日',  '052-636-3836', 10),
(51, '中華そば 一楽',  'image24.jpg',  23,  'ラーメンの魅力を存分に味わえるお店です。',  '460-0008',  '愛知県名古屋市中区栄1-25-4',  '10:00:00',  '21:30:00',  '火曜日',  '052-207-7581', 10),
(52, 'そば処 山本屋',  'image18.jpg', 6,  'そば・うどんの魅力を存分に味わえるお店です。',  '460-0008',  '愛知県名古屋市中区栄1-75-8',  '10:00:00',  '20:30:00',  '火曜日',  '052-804-8838', 10),
(53, 'おでん横丁',  'image16.jpg',  18,  'おでんの魅力を存分に味わえるお店です。',  '460-0008',  '愛知県名古屋市中区栄1-8-7',  '10:00:00',  '20:30:00',  '水曜日',  '052-600-9888', 10),
(54, 'ドルチェマリア',  'image07.jpg',  13,  'スイーツの魅力を存分に味わえるお店です。',  '460-0008',  '愛知県名古屋市中区栄1-75-4',  '10:00:00',  '21:30:00',  '水曜日',  '052-831-2114', 10),
(55, 'すし政',  'image21.jpg',  8,  '寿司の魅力を存分に味わえるお店です。',  '460-0008',  '愛知県名古屋市中区栄1-49-7',  '11:00:00',  '21:30:00',  '木曜日',  '052-314-1239', 10),
(56, '焼いてみりん・七輪',  'image01.jpg', 19,  '焼肉の魅力を存分に味わえるお店です。',  '460-0008',  '愛知県名古屋市中区栄1-56-1',  '09:00:00',  '23:30:00',  '火曜日',  '052-874-6014', 10),
(57, 'Teppan Kitchen',  'image15.jpg', 4,  '鉄板焼きの魅力を存分に味わえるお店です。',  '460-0008',  '愛知県名古屋市中区栄1-54-6',  '09:00:00',  '23:30:00',  '水曜日',  '052-666-2319', 10),
(58, 'パスタ工房',  'image06.jpg',  9,  'パスタの魅力を存分に味わえるお店です。',  '460-0008',  '愛知県名古屋市中区栄1-38-2',  '10:00:00',  '20:30:00',  '金曜日',  '052-187-3851', 10),
(59, '天屋',  'image03.jpg',  16,  '天ぷらの魅力を存分に味わえるお店です。',  '460-0008',  '愛知県名古屋市中区栄1-14-1',  '09:00:00',  '21:30:00',  '火曜日',  '052-134-1919', 10),
(60, 'Trattoria Sole',  'image06.jpg', 3,  'イタリアンの魅力を存分に味わえるお店です。',  '460-0008',  '愛知県名古屋市中区栄1-22-8',  '11:00:00',  '20:30:00',  '金曜日',  '052-465-6838', 10),
(61, 'エスニックガーデン',  'image11.jpg', 7,  'アジア・エスニックの魅力を存分に味わえるお店です。',  '460-0008',  '愛知県名古屋市中区栄1-27-2',  '09:00:00',  '22:30:00',  '月曜日',  '052-143-0812', 10),
(62, 'Burger Place Jack',  'image13.jpg',  17,  'ハンバーガーの魅力を存分に味わえるお店です。',  '460-0008',  '愛知県名古屋市中区栄1-54-7',  '11:00:00',  '21:30:00',  '月曜日',  '052-507-4336', 10),
(63, 'コンガリバーガー',  'image13.jpg',  17,  'ハンバーガーの魅力を存分に味わえるお店です。',  '460-0008',  '愛知県名古屋市中区栄1-82-2',  '11:00:00',  '20:30:00',  '水曜日',  '052-993-7982', 10),
(64, '炭火串焼 鳥忠',  'image05.jpg',  21,  '焼き鳥の魅力を存分に味わえるお店です。',  '460-0008',  '愛知県名古屋市中区栄1-70-6',  '09:00:00',  '23:30:00',  '木曜日',  '052-277-0648', 10),
(65, '揚げ物処 颯',  'image03.jpg',  16,  '天ぷらの魅力を存分に味わえるお店です。',  '460-0008',  '愛知県名古屋市中区栄1-64-3',  '10:00:00',  '21:30:00',  '金曜日',  '052-553-1230', 10),
(66, 'カレー屋ぴりり',  'image14.jpg', 11,  'カレーの魅力を存分に味わえるお店です。',  '460-0008',  '愛知県名古屋市中区栄1-65-7',  '11:00:00',  '22:30:00',  '水曜日',  '052-511-8725', 10),
(67, '俺のフォアグラ',  'image09.jpg',  24,  'フレンチの魅力を存分に味わえるお店です。',  '460-0008',  '愛知県名古屋市中区栄1-37-8',  '11:00:00',  '23:30:00',  '水曜日',  '052-148-1506', 10),
(68, '中華料理 鳳凰',  'image22.jpg',  2,  '中華の魅力を存分に味わえるお店です。',  '460-0008',  '愛知県名古屋市中区栄1-68-4',  '10:00:00',  '22:30:00',  '水曜日',  '052-569-1890', 10),
(69, '甘味処 こころ',  'image07.jpg',  13,  'スイーツの魅力を存分に味わえるお店です。',  '460-0008',  '愛知県名古屋市中区栄1-7-9',  '09:00:00',  '20:30:00',  '火曜日',  '052-781-8732', 10),
(70, 'イタリアン食堂 Rosso',  'image06.jpg', 3,  'イタリアンの魅力を存分に味わえるお店です。',  '460-0008',  '愛知県名古屋市中区栄1-94-8',  '11:00:00',  '23:30:00',  '木曜日',  '052-128-9293', 10),
(71, 'Osteria LUCE',  'image06.jpg', 3,  'イタリアンの魅力を存分に味わえるお店です。',  '460-0008',  '愛知県名古屋市中区栄1-57-4',  '10:00:00',  '22:30:00',  '木曜日',  '052-990-7391', 10),
(72, 'Sweets Cafe NICO',  'image07.jpg',  13,  'スイーツの魅力を存分に味わえるお店です。',  '460-0008',  '愛知県名古屋市中区栄1-48-6',  '11:00:00',  '23:30:00',  '水曜日',  '052-614-4280', 10),
(73, '海鮮市場 とれた亭',  'image21.jpg', 22,  '海鮮料理の魅力を存分に味わえるお店です。',  '460-0008',  '愛知県名古屋市中区栄1-98-4',  '10:00:00',  '20:30:00',  '金曜日',  '052-410-6298', 10),
(74, 'CURRY PLACE',  'image14.jpg', 11,  'カレーの魅力を存分に味わえるお店です。',  '460-0008',  '愛知県名古屋市中区栄1-41-9',  '11:00:00',  '22:30:00',  '月曜日',  '052-425-6752', 10),
(75, 'スパイスロード',  'image11.jpg', 7,  'アジア・エスニックの魅力を存分に味わえるお店です。',  '460-0008',  '愛知県名古屋市中区栄1-28-5',  '09:00:00',  '21:30:00',  '水曜日',  '052-176-3626', 10),
(76, '呑み処 ５時から',  'image05.jpg',  25,  '居酒屋の魅力を存分に味わえるお店です。',  '460-0008',  '愛知県名古屋市中区栄1-95-3',  '11:00:00',  '23:30:00',  '月曜日',  '052-120-5779', 10),
(77, 'カレーハウス ココ三番',  'image14.jpg', 11,  'カレーの魅力を存分に味わえるお店です。',  '460-0008',  '愛知県名古屋市中区栄1-67-8',  '10:00:00',  '21:30:00',  '月曜日',  '052-523-5884', 10),
(78, '鳥匠 とり山',  'image05.jpg',  21,  '焼き鳥の魅力を存分に味わえるお店です。',  '460-0008',  '愛知県名古屋市中区栄1-57-8',  '09:00:00',  '20:30:00',  '火曜日',  '052-350-3120', 10),
(79, '焼鳥本舗 まる吉',  'image05.jpg',  21,  '焼き鳥の魅力を存分に味わえるお店です。',  '460-0008',  '愛知県名古屋市中区栄1-37-2',  '11:00:00',  '23:30:00',  '金曜日',  '052-478-6401', 10),
(80, 'Brasserie Lumière',  'image09.jpg',  24,  'フレンチの魅力を存分に味わえるお店です。',  '460-0008',  '愛知県名古屋市中区栄1-62-5',  '11:00:00',  '23:30:00',  '水曜日',  '052-201-0496', 10),
(81, '和味亭',  'image03.jpg', 1,  '和食の魅力を存分に味わえるお店です。',  '460-0008',  '愛知県名古屋市中区栄1-86-4',  '10:00:00',  '20:30:00',  '火曜日',  '052-502-4269', 10),
(82, '炭火串焼 ちきちき',  'image05.jpg',  21,  '焼き鳥の魅力を存分に味わえるお店です。',  '460-0008',  '愛知県名古屋市中区栄1-26-1',  '10:00:00',  '23:30:00',  '金曜日',  '052-888-3823', 10),
(83, 'Pasta&Pizza グラッツェ',  'image06.jpg', 3,  'イタリアンの魅力を存分に味わえるお店です。',  '460-0008',  '愛知県名古屋市中区栄1-42-5',  '11:00:00',  '23:30:00',  '月曜日',  '052-491-6201', 10),
(84, '国産ギュウギュウ%',  'image13.jpg',  17,  'ハンバーガーの魅力を存分に味わえるお店です。',  '460-0008',  '愛知県名古屋市中区栄1-31-7',  '09:00:00',  '21:30:00',  '火曜日',  '052-545-6573', 10),
(85, '持ち帰っ亭',  'image19.jpg',  20,  'おにぎりの魅力を存分に味わえるお店です。',  '460-0008',  '愛知県名古屋市中区栄1-27-5',  '11:00:00',  '22:30:00',  '木曜日',  '052-308-6308', 10),
(86, '出汁香る おでん処',  'image16.jpg',  18,  'おでんの魅力を存分に味わえるお店です。',  '460-0008',  '愛知県名古屋市中区栄1-57-5',  '11:00:00',  '23:30:00',  '木曜日',  '052-234-9590', 10),
(87, 'Spaghetti House',  'image06.jpg',  9,  'パスタの魅力を存分に味わえるお店です。',  '460-0008',  '愛知県名古屋市中区栄1-47-5',  '09:00:00',  '20:30:00',  '火曜日',  '052-134-8050', 10),
(88, 'DELI&GO',  'image19.jpg',  20,  'おにぎりの魅力を存分に味わえるお店です。',  '460-0008',  '愛知県名古屋市中区栄1-28-8',  '11:00:00',  '23:30:00',  '水曜日',  '052-404-4882', 10),
(89, '揚げ大将',  'image03.jpg',  16,  '天ぷらの魅力を存分に味わえるお店です。',  '460-0008',  '愛知県名古屋市中区栄1-68-2',  '10:00:00',  '22:30:00',  '木曜日',  '052-659-1986', 10),
(90, '中華楼 龍',  'image22.jpg',  2,  '中華の魅力を存分に味わえるお店です。',  '460-0008',  '愛知県名古屋市中区栄1-48-7',  '11:00:00',  '23:30:00',  '水曜日',  '052-771-8473', 10),
(91, 'Le Petit Chef',  'image09.jpg',  24,  'フレンチの魅力を存分に味わえるお店です。',  '460-0008',  '愛知県名古屋市中区栄1-17-6',  '10:00:00',  '22:30:00',  '月曜日',  '052-778-0932', 10),
(92, 'バーガー亭',  'image13.jpg',  17,  'ハンバーガーの魅力を存分に味わえるお店です。',  '460-0008',  '愛知県名古屋市中区栄1-75-8',  '10:00:00',  '20:30:00',  '火曜日',  '052-969-7969', 10),
(93, 'カレーハウス ガラム',  'image14.jpg', 11,  'カレーの魅力を存分に味わえるお店です。',  '460-0008',  '愛知県名古屋市中区栄1-86-8',  '09:00:00',  '21:30:00',  '水曜日',  '052-319-8037', 10),
(94, '出汁Meetsおでん',  'image16.jpg',  18,  'おでんの魅力を存分に味わえるお店です。',  '460-0008',  '愛知県名古屋市中区栄1-68-2',  '09:00:00',  '21:30:00',  '火曜日',  '052-621-3522', 10),
(95, 'Sweets Cafe AmaAma',  'image07.jpg',  13,  'スイーツの魅力を存分に味わえるお店です。',  '460-0008',  '愛知県名古屋市中区栄1-58-2',  '09:00:00',  '20:30:00',  '木曜日',  '052-297-0754', 10),
(96, 'おでんとおにぎり Wahuu',  'image16.jpg',  18,  'おでんの魅力を存分に味わえるお店です。',  '460-0008',  '愛知県名古屋市中区栄1-43-9',  '11:00:00',  '22:30:00',  '木曜日',  '052-909-4999', 10),
(97, 'ビストロ・シャ・チホコ',  'image09.jpg',  24,  'フレンチの魅力を存分に味わえるお店です。',  '460-0008',  '愛知県名古屋市中区栄1-76-3',  '10:00:00',  '21:30:00',  '金曜日',  '052-952-6867', 10),
(98, 'これTEPPANや！ ',  'image15.jpg', 4,  '鉄板焼きの魅力を存分に味わえるお店です。',  '460-0008',  '愛知県名古屋市中区栄1-59-6',  '11:00:00',  '22:30:00',  '月曜日',  '052-574-5250', 10),
(99, 'Cafe Soleil',  'image06.jpg',  13,  'カフェの魅力を存分に味わえるお店です。',  '460-0008',  '愛知県名古屋市中区栄1-90-8',  '09:00:00',  '23:30:00',  '金曜日',  '052-912-5900', 10),
(100, 'Patissier Liaison',  'image07.jpg',  13,  'スイーツの魅力を存分に味わえるお店です。',  '460-0008',  '愛知県名古屋市中区栄1-75-7',  '10:00:00',  '22:30:00',  '火曜日',  '052-500-6492', 10);

--reservationsテーブル
INSERT IGNORE INTO reservations (id, shop_id, user_id, reservation_date, reservation_time, number_of_people) VALUES
(1, 1, 1, '2025-07-25', '18:00:00', 2),
(2, 2, 1, '2025-07-21', '19:30:00', 4),
(3, 3, 1, '2025-07-22', '12:00:00', 1),
(4, 4, 2, '2025-07-23', '17:00:00', 3),
(5, 5, 2, '2025-07-24', '20:00:00', 2),
(6, 6, 2, '2025-07-25', '13:30:00', 5),
(7, 7, 3, '2025-07-26', '11:00:00', 2),
(8, 8, 1, '2025-07-27', '18:45:00', 3),
(9, 9, 3, '2025-07-28', '14:00:00', 2),
(10, 10, 3, '2025-07-29', '19:15:00', 4),
(11, 3, 2, '2025-07-30', '18:30:00', 2);

--reviewsテーブル
INSERT IGNORE INTO reviews (id, shop_id, user_id, rating, comment) VALUES 
(1,  1, 1, 5, 'とても美味しかったです！また来たいと思います。'),
(2,  1, 2, 4, '雰囲気が良くて、料理も美味しかった。'),
(3,  1, 3, 3, '味は普通でしたが、接客が丁寧でした。'),
(4,  1, 4, 5, '家族で利用しました。大満足です！'),
(5,  1, 5, 2, '少し期待外れでした。味が薄かったです。'),
(6,  1, 6, 4, '友達と来ましたが、全体的に良かったです。'),
(7,  1, 7, 5, 'リピート確定！全メニュー制覇したい。'),
(8,  1, 8, 3, '混んでいて待ち時間が長かったです。'),
(9,  1, 9, 4, '価格に見合った味で満足です。'),
(10, 1,10, 5, '見た目も味も最高でした。映える！'),
(11, 1,11, 3, '料理の提供が少し遅かった。'),
(12, 1,12, 4, '料理の味も接客も良く、また利用したいと思いました。'),
(13, 2, 1, 4, '新メニューが魅力的で、つい頼みすぎました。'),
(14, 2, 2, 5, 'ランチもディナーも外れなし。おすすめ！'),
(15, 2, 3, 3, '値段の割に量が少なかったかも。'),
(16, 2, 4, 4, '雰囲気がよくデートにぴったり。'),
(17, 2, 5, 2, '接客が少し雑に感じました。'),
(18, 2, 6, 4, '家族で楽しく食事できました。'),
(19, 3, 7, 5, '味付けが絶妙で何度でも通いたいです。'),
(20, 3, 8, 3, '期待しすぎたかも、普通でした。'),
(21, 3, 9, 4, '落ち着いた雰囲気でゆっくりできた。'),
(22, 3,10, 5, '料理の見た目が綺麗でテンション上がる。'),
(23, 3,11, 2, 'ドリンクの種類が少なかった。'),
(24, 3,12, 4, '子ども連れに優しくありがたかった。'),
(25, 4, 1, 3, '予約して行ったけど待たされた。'),
(26, 4, 2, 4, '味は良いけどアクセスが悪い。'),
(27, 4, 3, 5, '誕生日祝いで利用、大満足です。'),
(28, 4, 4, 2, '思っていたよりも店内が狭かった。'),
(29, 4, 5, 5, 'また行きたい！友達も気に入ってました。'),
(30, 4, 6, 4, '量も味も満足、また利用したい。');

-- favoriteテーブル
INSERT IGNORE INTO favorite (user_id, shop_id) VALUES
(1, 1),
(1, 2),
(1, 3),
(2, 4),
(2, 5),
(2, 6),
(2, 7),
(1, 8),
(1, 9),
(1, 10),
(1, 11),
(1, 12);

-- companyテーブル
INSERT IGNORE INTO company (name, representative, established_date, capital, address, phone_number, email, description)
VALUES ('株式会社NAGOYAMESHI', '山田太郎', '2020年4月1日', '1000万円', '名古屋市中区1-2-3', '052-123-4567', 'info@nagoyameshi.com', '名古屋の飲食店紹介・予約サイト運営');
